{"cameraMode":{"drawMode":0,"name":"Shaded","section":"Shading Mode"},"sceneLighting":true,"audioPlay":false,"sceneViewState":{"m_AlwaysRefresh":true,"showFog":true,"showSkybox":false,"showFlares":true,"showImageEffects":true,"showParticleSystems":true,"showVisualEffectGraphs":true,"m_FxEnabled":true},"in2DMode":false,"pivot":{"x":465.9896240234375,"y":-840.4962158203125,"z":-345.9417724609375},"rotation":{"x":0.002355922246351838,"y":-0.945521354675293,"z":0.32577648758888247,"w":0.0065446109510958199},"size":927.2156372070313,"orthographic":false}